<?xml version="1.0" encoding="UTF-8"?>
<beans xmlns="http://www.springframework.org/schema/beans"
	xmlns:context="http://www.springframework.org/schema/context"
	xmlns:mvc="http://www.springframework.org/schema/mvc" xmlns:xsi="http://www.w3.org/2001/XMLSchema-instance"
	xsi:schemaLocation="
        http://www.springframework.org/schema/beans     
        http://www.springframework.org/schema/beans/spring-beans-3.0.xsd
        http://www.springframework.org/schema/context 
        http://www.springframework.org/schema/context/spring-context-3.0.xsd
        http://www.springframework.org/schema/mvc
        http://www.springframework.org/schema/mvc/spring-mvc-3.0.xsd">

	<context:component-scan base-package="es.weso.rest" />

	<mvc:annotation-driven />

	<mvc:resources mapping="/static/**" location="/static/" />

	<bean
		class="org.springframework.web.servlet.view.ContentNegotiatingViewResolver">
		<property name="order" value="1" />
		<property name="contentNegotiationManager">
			<bean class="org.springframework.web.accept.ContentNegotiationManager">
				<constructor-arg>
					<list>
						<bean
							class="org.springframework.web.accept.PathExtensionContentNegotiationStrategy">
							<constructor-arg>
								<map>
									<entry key="json" value="application/json" />
									<entry key="jsonp" value="application/javascript" />
									<entry key="xml" value="application/xml" />
								</map>
							</constructor-arg>
						</bean>
						<bean
							class="org.springframework.web.accept.HeaderContentNegotiationStrategy" />
					</list>
				</constructor-arg>
			</bean>
		</property>

		<property name="defaultViews">
			<list>
				<bean
					class="org.springframework.web.servlet.view.json.MappingJacksonJsonView" />
				<bean class="es.weso.views.JSONPView" />
				<bean class="org.springframework.web.servlet.view.xml.MarshallingView">
					<constructor-arg>
						<bean class="org.springframework.oxm.jaxb.Jaxb2Marshaller">
							<property name="packagesToScan">
								<list>
									<value>es.weso.model</value>
								</list>
							</property>
						</bean>
					</constructor-arg>
				</bean>
			</list>
		</property>

	</bean>

	<bean
		class="org.springframework.web.servlet.view.InternalResourceViewResolver">
		<property name="order" value="2" />
		<property name="prefix">
			<value>/WEB-INF/views/</value>
		</property>
		<property name="suffix">
			<value>.jsp</value>
		</property>
	</bean>

</beans>